timestamp,voltage,current,output_watt,yield,ghi,temp_air,wind_speed,energy_interval
2024-04-22 21:45:00,557.3331025226373,24448.727761487913,11718433.354595596,32178876.488467094,60.78352941316414,29.762316923861917,1.2088482717934355,2929.608338648899
2024-04-23 05:00:00,564.53612261302,15125.219918277975,7343310.385447126,32180712.316063456,36.19154107037901,16.8997810481787,2.057249817995123,1835.8275963617814
2024-04-23 05:15:00,564.2288118499731,17257.386312656938,8373918.534350714,32182805.795697045,41.358834961188755,17.448550267905205,2.9763870608801257,2093.4796335876786
2024-04-23 05:30:00,564.5385236307399,19244.515111329176,9343272.328087743,32185141.613779068,46.04759832709758,16.895493516536025,2.4749816132030773,2335.818082021936
2024-04-23 05:45:00,565.1213805019419,18298.7727774504,8893283.850796346,32187364.934741765,43.6538291026204,15.85467767510379,2.139071765898832,2223.3209626990865
2024-04-23 06:00:00,563.5924492515295,19388.617707976922,9397459.54581065,32189714.299628217,46.61980497608867,18.584912050840163,3.10270799070379,2349.364886452662
2024-04-23 06:15:00,564.5199812185027,17761.84148805892,8623146.403990736,32191870.086229216,42.50396585881122,16.928604966959444,5.947531207263569,2155.786600997684
2024-04-23 06:30:00,565.002445311865,15862.610375689335,7707675.7401127,32193797.005164243,37.86515163907624,16.06706194309817,3.067737858128843,1926.918935028175
2024-04-23 06:45:00,564.5720633236679,15327.191065714282,7441841.341036703,32195657.4654995,36.66803340172845,16.83560120773617,4.610102717142077,1860.460335259176
2024-04-23 07:00:00,566.2132168521484,17094.400307104625,8324004.833717894,32197738.46670793,40.55433482295519,13.904969906877646,2.4310595125938383,2081.0012084294735
2024-04-23 07:15:00,564.3498423788565,19134.2292307856,9286623.355373895,32200060.122546773,45.82823261161099,17.232424323470532,4.290440698103458,2321.6558388434737
2024-04-23 07:30:00,563.2626826335169,19593.37193491086,9491145.104588972,32202432.90882292,47.1929499103022,19.173781011576946,5.7119270836036,2372.786276147243
2024-04-23 07:45:00,563.5411745509806,17001.61018562785,8239752.341009305,32204492.84690817,40.891143331595025,18.67647401610607,3.004030027949814,2059.9380852523263
2024-04-23 08:00:00,562.1065876620377,18010.924492461407,8706691.004102645,32206669.519659195,43.644599407550665,21.238236317789983,5.031086692758406,2176.6727510256615
2024-04-23 08:15:00,563.9922634394741,17836.60268940397,8651347.093666099,32208832.356432613,42.79925099240485,17.8709581437962,5.4855129507905716,2162.836773416525
2024-04-23 08:30:00,563.0399407931568,17742.779417827165,8591308.386710726,32210980.18352929,42.7852010987539,19.571534297934242,3.904324222190055,2147.8270966776813
2024-04-23 08:45:00,562.585862538314,16769.617932275083,8113540.973225581,32213008.5687726,40.534568801322706,20.38238832443915,2.8358821358942436,2028.3852433063953
2024-04-23 09:00:00,560.7377316864946,16134.561616425579,7780641.4349933965,32214953.72913135,39.381880084017226,23.682621988402428,4.006686343416484,1945.1603587483492
2024-04-23 09:15:00,563.0875941857248,16708.732174101802,8091292.629555396,32216976.552288737,40.281674644169065,19.48643895406289,4.463136486033334,2022.823157388849
2024-04-23 09:30:00,564.3072211761042,16067.781178266376,7797761.854568959,32218925.99275238,38.492267445667466,17.308533614099563,2.1600847524657283,1949.4404636422398
2024-04-23 09:45:00,562.0760513320187,16703.79715860977,8074371.74027964,32220944.58568745,40.48363053597955,21.292765478538172,2.963410337427389,2018.59293506991
2024-04-23 10:00:00,560.8241168970919,15591.23937491602,7519791.026240862,32222824.53344401,38.03823228737428,23.52836268376452,2.457563130371523,1879.9477565602156
2024-04-23 10:15:00,563.1629860912303,19252.90851190114,9324571.885713018,32225155.67641544,46.39698330231392,19.351810551374367,2.259659643400284,2331.1429714282544
2024-04-23 10:30:00,561.7477202125373,17424.357119965363,8417759.883946287,32227260.116386425,42.303085158556705,21.87907104904044,3.7631700232712215,2104.4399709865716
2024-04-23 10:45:00,561.2015561139201,21030.793359461364,10150162.005290413,32229797.656887747,51.20649876129582,22.85436408228545,2.435819955938334,2537.540501322603
2024-04-23 11:00:00,561.3266181265299,16760.151264268214,8090810.364476253,32231820.359478865,40.78116671107786,22.631039059767918,2.112490558715436,2022.7025911190633
2024-04-23 11:15:00,562.2131059906062,17708.342291840654,8562041.424782868,32233960.86983506,42.887358077136376,21.048025016774762,2.6375895366020137,2140.510356195717
2024-04-23 11:30:00,563.0240221449753,17872.056283887796,8653661.431142064,32236124.285192847,43.100519358816406,19.59996045540132,1.6266046570090784,2163.415357785516
2024-04-23 11:45:00,562.2207646295518,15865.121440861505,7670942.608382793,32238042.020844944,38.42176533323342,21.03434887580044,1.5552616177118865,1917.7356520956982
2024-04-23 12:00:00,561.5040990274335,20444.292687563542,9872416.565373821,32240510.124986287,49.69881600374593,22.31410887958287,2.0405774617430095,2468.1041413434555
2024-04-23 12:15:00,560.8885223087939,15910.914575372388,7674854.45369538,32242428.83859971,38.804860365727144,23.41335302001107,1.699606893738186,1918.7136134238451
2024-04-23 12:30:00,561.4197130820176,21026.24667836627,10151912.4645297,32244966.816715844,51.136323819360385,22.464798067825686,1.3824327209338483,2537.978116132425
2024-04-23 12:45:00,562.107228458302,20843.742320027042,10076119.674540099,32247485.846634477,50.50899630504557,21.237092038746457,0.8917612549950978,2519.029918635025
2024-04-23 13:00:00,560.9477063208888,18740.179324235858,9040544.122856133,32249745.982665192,45.69073539808443,23.30766728412715,1.5131568498576937,2260.136030714033
2024-04-23 13:15:00,560.4944362599045,18743.72857912609,9034949.801694708,32252004.720115617,45.80978028733051,24.11707810731325,1.7867980930788903,2258.737450423677
2024-04-23 13:30:00,560.9205682725923,19400.603213437083,9358689.746208498,32254344.39255217,47.30774585984478,23.35612808465657,1.6684550758944936,2339.6724365521245
2024-04-23 13:45:00,562.1702611040595,18034.109991984893,8718886.677757189,32256524.11422161,43.68615908008593,21.12453374275096,0.8203263887166863,2179.7216694392973
2024-04-23 14:00:00,561.3249062946597,19400.312544032204,9365295.61394475,32258865.438125096,47.205692720040076,22.63409590239323,1.0996412039474888,2341.3239034861876
2024-04-23 14:15:00,559.9481722661945,15919.536870691742,7666139.393698595,32260781.97297352,39.02124050766981,25.092549524652544,1.2051880288353831,1916.5348484246488
2024-04-23 14:30:00,562.4467114815704,16175.91013782967,7824355.217529577,32262738.061777905,39.1280065073027,20.630872354338663,0.7110572672030593,1956.0888043823943
2024-04-23 14:45:00,563.1300909208547,18489.037041406365,8954090.474742947,32264976.58439659,44.56379030996724,19.410551927045294,0.9757268003301556,2238.5226186857367
2024-04-23 15:00:00,558.9846787436152,18580.29645280721,8932046.897524873,32267209.596120972,45.77998625874981,26.81307367211565,0.8218457946458368,2233.0117243812183
2024-04-23 15:15:00,559.988946450152,20529.939165834698,9887023.543578876,32269681.352006868,50.3110538141086,25.01973848187137,0.3514612886282278,2471.755885894719
2024-04-23 15:30:00,559.770193932954,16173.26144122209,7785846.336393881,32271627.813590966,39.68102220032528,25.41036797686782,0.3136750951104963,1946.4615840984702
2024-04-23 15:45:00,561.5437665462388,20292.600462251175,9799857.635067806,32274077.777999733,49.31972079303771,22.2432740245735,0.22935030767487224,2449.9644087669512
2024-04-23 16:00:00,559.399700104694,16678.071938328052,8023549.258937694,32276083.665314466,41.00117234439514,26.071964098760688,0.18650720136045673,2005.8873147344236
2024-04-23 16:15:00,559.8054530057,17699.205714715245,8520976.210751828,32278213.909367155,43.41670219546922,25.347405346964337,0.2903779147005406,2130.244052687957
2024-04-23 16:30:00,561.7761784229668,17428.228613037933,8420056.753546258,32280318.92355554,42.30613431703669,21.828252816130817,0.21787777337712397,2105.0141883865645
2024-04-23 16:45:00,558.2945341117899,17529.20864472706,8416356.781344377,32282423.01275088,43.35215720403594,28.045474800375324,0.05857823024340677,2104.0891953360942
2024-04-23 17:00:00,559.6000062133236,16259.4635858732,7824964.494364758,32284379.25387447,39.92900875515664,25.714274619065066,0.07452726142406504,1956.2411235911895
2024-04-23 17:15:00,560.1093455777853,18195.95715891582,8764884.064539911,32286570.474890605,44.562614414646816,24.804740039669074,0.04089782213268041,2191.2210161349776
2024-04-23 17:30:00,559.97708005128,19763.97889847389,9517942.66663577,32288949.960557263,48.4370567353013,25.040928479857172,0.015237517141909384,2379.4856666589426
2024-04-23 17:45:00,561.6987800698608,17927.843489701932,8660241.123006115,32291115.020838015,43.536695628992646,21.966464160962857,0.004846102833843873,2165.060280751529
2024-04-23 18:00:00,558.6651945441894,17859.24536083332,8580511.354173228,32293260.14867656,44.07956458359315,27.383581171090338,0.0,2145.127838543307
2024-04-23 18:15:00,558.9244514636613,19759.291124170803,9497797.819483642,32295634.59813143,48.700769199800334,26.92062238631906,0.0028701343072177264,2374.4494548709104
2024-04-23 18:30:00,559.3231012839897,18981.517343445466,9130448.98694611,32297917.210378166,46.68319721182557,26.20874770716142,0.010615402675649241,2282.6122467365276
2024-04-23 18:45:00,557.5618281034307,17603.79941841067,8441077.663353838,32300027.479794003,43.71108113316139,29.35387838673095,0.020497900508079252,2110.2694158384593
2024-04-23 19:00:00,560.4316536370519,16575.772117495075,7989045.145182083,32302024.7410803,40.52485376289834,24.22918993383592,0.05886881237726736,1997.261286295521
2024-04-23 19:15:00,559.4381167093082,19769.28252588834,9511333.5590804,32304402.57447007,48.590514201835305,26.00336301909238,0.08890566961946837,2377.8333897701
2024-04-23 19:30:00,559.6097407811081,18087.45758044253,8704849.005263431,32306578.786721386,44.41576149822662,25.696891462306837,0.14170885962066812,2176.212251315858
2024-04-23 19:45:00,558.8579819131206,16077.271121307089,7727023.7124304455,32308510.542649493,39.63993984136497,27.039318012284507,0.20693722575501183,1931.7559281076115
2024-04-23 20:00:00,558.3581651074885,16225.263999860023,7791177.426397931,32310458.337006092,40.113438552615634,27.931848022342052,0.3370329234209497,1947.7943565994826
2024-04-23 20:15:00,557.8401163891078,18891.205422702085,9062914.119288383,32312724.065535914,46.83643429157837,28.85693501945032,0.30069643112779243,2265.728529822096
2024-04-23 20:30:00,558.5983418032542,14949.7523730312,7181779.921912265,32314519.510516394,36.911836118330896,27.502961065617374,0.3432868491196189,1795.4449804780663
2024-04-23 20:45:00,559.08036995915,19843.255393864816,9540818.127444422,32316904.715048254,48.86651535104527,26.642196501517823,0.6585570069753933,2385.2045318611054
2024-04-23 21:00:00,556.0974037520336,15058.395609285284,7201583.84457533,32318705.111009397,37.69378696506093,31.9689218713685,0.7906925832228616,1800.3959611438324
2024-04-23 21:15:00,555.1726945209733,18263.196912669755,8719736.28689363,32320885.04508112,45.95216424122433,33.62018835540474,0.4992395845775287,2179.9340717234077
2024-04-23 21:30:00,557.6012504632687,16386.52867656772,7857948.037493479,32322849.532090493,40.67975820706264,29.28348131559166,0.6374620794888659,1964.4870093733698
2024-04-23 21:45:00,558.4973255468399,16881.394094752635,8108263.569942544,32324876.597982977,41.704033561869295,27.683347237785874,1.17784231989096,2027.0658924856361
2024-04-24 05:00:00,563.4747691270569,29042.113685185926,14073468.541200815,32328394.965118278,69.87425701285127,18.795055130255548,2.278147262859563,3518.3671353002037
2024-04-24 05:15:00,566.6356457129122,28057.003237762587,13672364.405903028,32331813.056219753,66.4195088703331,13.150632655514032,3.271650292932746,3418.091101475757
2024-04-24 05:30:00,565.2782238774937,29074.664089036574,14134336.049433393,32335346.640232112,69.30530543481032,15.574600218761306,3.7771738948996525,3533.5840123583484
2024-04-24 05:45:00,565.5709288513322,25018.28796254558,12168670.070672425,32338388.80774978,59.547022970231595,15.051912765478358,2.745344314664842,3042.167517668106
2024-04-24 06:00:00,565.9779575703288,24773.797429528135,12058424.01256584,32341403.413752925,58.843007121803254,14.325075767269983,2.7196567864427927,3014.60600314146
2024-04-24 06:15:00,564.8809048946966,26858.578939910516,13047832.603155574,32344665.371903714,64.15327286067829,16.28409840232742,3.6954878307342947,3261.9581507888934
2024-04-24 06:30:00,565.4231504824991,30159.038693317852,14665252.05920946,32348331.684918515,71.83689848134875,15.315802709823032,4.996621684410076,3666.313014802365
2024-04-24 06:45:00,564.3291047539778,25919.933872524707,12579540.846705189,32351476.57013019,62.08725549970085,17.26945579646827,5.3094275163978075,3144.8852116762973
2024-04-24 07:00:00,564.2008393260311,25937.17384136793,12585046.715898668,32354622.831809167,62.16968038554457,17.49850120351589,5.816132943139926,3146.261678974667
2024-04-24 07:15:00,564.8151692841689,28749.69301530031,13964905.945482068,32358114.058295537,68.69348497262234,16.401483421127,2.2350136819463917,3491.226486370517
2024-04-24 07:30:00,564.4222527132093,30462.931998786542,14786802.76458379,32361810.75898668,72.934289409971,17.10312015498322,2.757620436199825,3696.7006911459475
2024-04-24 07:45:00,564.1538285978764,30524.20784257963,14809499.898605417,32365513.133961335,73.18225755249622,17.58244893236354,4.767333788430206,3702.3749746513545
2024-04-24 08:00:00,562.8762501653705,26693.103251546636,12921425.92261656,32368743.49044199,64.42315497159859,19.863838990409814,3.883567241290162,3230.35648065414
2024-04-24 08:15:00,563.8375186830161,26026.4539984681,12620234.468647968,32371898.549059153,62.5009807186738,18.147288066042588,3.0317407094592164,3155.058617161992
2024-04-24 08:30:00,562.6356118041439,30565.871044193063,14789804.897537472,32375596.000283536,73.86285096495907,20.293550349743153,2.5307431517454106,3697.451224384368
2024-04-24 08:45:00,562.7911672122431,27651.851691898097,13383507.384766323,32378941.877129726,66.76674285235676,20.01577283528027,2.7345432876219395,3345.876846191581
2024-04-24 09:00:00,562.6951633732955,30741.377055343386,14876300.79864981,32382660.95232939,74.26382072734027,20.187208261972447,3.172790937480967,3719.0751996624526
2024-04-24 09:15:00,561.6688902670368,30652.07664040262,14806033.369055787,32386362.460671652,74.44847785475267,22.019838808862907,2.247256084554487,3701.508342263947
2024-04-24 09:30:00,564.3649955391397,31158.896540552927,15123091.836117756,32390143.233630683,74.62258314631293,17.205365108679143,4.711180482335883,3780.772959029439
2024-04-24 09:45:00,563.5292428328883,27195.405983525587,13179849.62648909,32393438.196037307,65.41263624979653,18.697780655556734,1.890292996692489,3294.9624066222723
2024-04-24 10:00:00,560.9123830974887,30730.723439136003,14824029.253957842,32397144.203350797,74.93913822187704,23.3707444687701,4.456732303467657,3706.0073134894606
2024-04-24 10:15:00,563.0634722344842,31139.72799432564,15078933.297273234,32400913.936675116,75.08158800588089,19.529513866992428,3.870795019759165,3769.7333243183084
2024-04-24 10:30:00,565.8162162865189,31618.632089851628,15385687.904982405,32404760.358651362,75.16275404923428,14.613899488359262,2.5528528941945625,3846.4219762456014
2024-04-24 10:45:00,562.77860229815,28818.385729021396,13947798.923318146,32408247.30838219,69.58796597973695,20.03821018187519,3.2766844679761653,3486.9497308295363
2024-04-24 11:00:00,562.2881454800414,28108.54156818902,13592385.751052065,32411645.404819954,68.04850105236073,20.914025928497463,2.9494514007858634,3398.096437763016
2024-04-24 11:15:00,565.2584444453472,27284.180560466935,13263447.576954948,32414961.266714193,65.04390802705738,15.609920633308537,1.704884584922959,3315.861894238737
2024-04-24 11:30:00,560.7212698371497,30178.839281670753,14552848.692437526,32418599.4788873,73.66816623066391,23.712018147946857,1.8971814189316072,3638.2121731093816
2024-04-24 11:45:00,562.9026357133537,31250.02566585991,15128020.759543344,32422381.484077185,75.41078534336795,19.816721940439756,2.158767897413194,3782.005189885836
2024-04-24 12:00:00,561.6232870648142,29015.69727602506,14014466.501349343,32425885.100702524,70.49097062010546,22.10127309854599,2.275688359775454,3503.616625337336
2024-04-24 12:15:00,562.1323770846096,30173.964236184496,14587115.528251054,32429531.879584588,73.10852030263881,21.19218377748284,1.9493727722349738,3646.7788820627634
2024-04-24 12:30:00,563.2102313433327,29337.212629596273,14209795.748391774,32433084.328521688,70.68143856062635,19.267444029762878,1.6919742252868852,3552.4489370979436
2024-04-24 12:45:00,562.8542468646159,31455.4694113944,15226166.308978086,32436890.870098934,75.92573487405186,19.903130598900123,1.518304785432681,3806.5415772445217
2024-04-24 13:00:00,562.590570530623,31423.039018794178,15203342.686474923,32440691.705770552,75.9521144636822,20.373981195315867,1.4797892696554709,3800.835671618731
2024-04-24 13:15:00,560.2153252155387,27102.54189744042,13057603.01798842,32443956.10652505,66.3375714121676,24.615490686538237,1.2680281338029704,3264.4007544971046
2024-04-24 13:30:00,561.4845205244964,29268.02920761067,14132848.99784572,32447489.31877451,71.15614022522985,22.34907049197066,1.2856606184910329,3533.21224946143
2024-04-24 13:45:00,561.7917671323622,27120.152855853416,13102855.594099117,32450765.032673035,65.82737400428901,21.800415835067465,1.5481901981761748,3275.7138985247793
2024-04-24 14:00:00,562.1420397359253,31349.188615913983,15155519.276049877,32454553.912492048,75.9521144636822,21.1749290429905,1.132829313054612,3788.879819012469
2024-04-24 14:15:00,559.643589505715,30924.909133784648,14883957.35138161,32458274.901829895,75.92573487405186,25.636447311223215,1.0867382211530545,3720.989337845402
2024-04-24 14:30:00,559.2313723285978,30841.340065160668,14832802.639019778,32461983.10248965,75.88880344856938,26.372549413218135,0.8587554658557204,3708.2006597549444
2024-04-24 14:45:00,559.4323645872728,27977.299681561864,13460209.9474357,32465348.15497651,68.7669610318824,26.013634665584323,0.7787475138579005,3365.052486858925
2024-04-24 15:00:00,560.0957479339716,30941.83484554408,14904135.512027415,32469074.188854516,75.783285090048,24.829021546479293,0.6316827045222443,3726.0338780068537
2024-04-24 15:15:00,560.2106681069291,26104.385852756033,12576601.677620433,32472218.339273922,63.89602457234672,24.623806951912385,0.26149459516199436,3144.150419405108
2024-04-24 15:30:00,561.7851281099572,31159.92637851205,15054457.579906335,32475981.9536689,75.63555938811808,21.81227123221916,0.6197739931726042,3763.6143949765838
2024-04-24 15:45:00,560.5865951757406,26043.26745882611,12555575.703515263,32479120.84759478,63.61862945902571,23.952508614748847,0.1798587442640475,3138.893925878816
2024-04-24 16:00:00,560.9652011815723,30947.10444043187,14929813.854836034,32482853.30105849,75.44562634277962,23.276426461478092,0.239854185912536,3732.4534637090082
2024-04-24 16:15:00,562.1318513158872,30465.61659384246,14728096.373343939,32486535.325151827,73.81536902991762,21.19312265020154,0.12480784191711354,3682.0240933359846
2024-04-24 16:30:00,558.7913891243591,30494.28766693712,14654353.01455842,32490198.913405467,75.2134859540326,27.158233706501694,0.09087694540975384,3663.5882536396048
2024-04-24 16:45:00,560.6426072937836,30744.98011572174,14823773.39941544,32493904.85675532,75.08158800588089,23.852486975386412,0.13729461563991135,3705.94334985386
2024-04-24 17:00:00,558.4118228174967,26356.63414654181,12657356.26070969,32497069.1958205,65.14204780320311,27.836030683041574,0.06310031169855385,3164.3390651774225
2024-04-24 17:15:00,558.651721784973,25350.934654058008,12179615.232279146,32500114.099628568,62.57486084768144,27.407639669690987,0.05000203087292773,3044.9038080697865
2024-04-24 17:30:00,558.9037536199949,30273.120667804305,14550994.26652311,32503751.8481952,74.62258314631293,26.957582821437796,0.013222590770236664,3637.7485666307775
2024-04-24 17:45:00,558.7288475934495,27676.341239186444,13298670.411709383,32507076.515798125,68.28621404382633,27.26991501169733,0.0032392898087949275,3324.667602927346
2024-04-24 18:00:00,559.9924293017468,26154.486038421364,12595830.189463012,32510225.473345492,64.09347785354106,25.013519104023548,0.0,3148.957547365753
2024-04-24 18:15:00,557.1104855843787,28623.930181829728,13714154.812921962,32513654.01204872,71.25083687047702,30.15984717075229,0.00477950692607247,3428.5387032304902
2024-04-24 18:30:00,559.0309772711569,29979.134351259825,14412967.705750156,32517257.25397516,73.8470972502324,26.730397730077062,0.022500004146967453,3603.241926437539
2024-04-24 18:45:00,558.6291142664913,24895.336099460364,11960243.21696301,32520247.3147794,61.45782037360224,27.44801023840837,0.03659485658306462,2990.0608042407525
2024-04-24 19:00:00,559.5822432474189,27071.19207262013,13027760.213145522,32523504.25483269,66.48614824912399,25.745994201037682,0.059919358869696245,3256.9400532863806
2024-04-24 19:15:00,559.7861828458945,24909.207951749933,11991694.17584124,32526502.17837665,61.10938166407573,25.38181634661704,0.15640535224028285,2997.92354396031
2024-04-24 19:30:00,558.0967062239578,27925.09266493484,13403015.924077086,32529852.93235767,69.13704354784699,28.398738885789808,0.09389521109351301,3350.7539810192716
2024-04-24 19:45:00,558.2756626383729,29383.034762775682,14107296.554162847,32533379.75649621,72.67576943159365,28.079173860048535,0.20349744722708082,3526.824138540712
2024-04-24 20:00:00,559.2913524036352,29435.72580145262,14158306.327530231,32536919.333078094,72.40669761736416,26.265442136365806,0.24342855979853056,3539.576581882558
2024-04-24 20:15:00,559.9063156788527,29419.157118460447,14165895.810414053,32540460.807030696,72.12707396728253,25.167293430620155,0.20160501442989526,3541.473952603513
2024-04-24 20:30:00,559.6055916116311,25525.64004980784,12284490.175150905,32543531.929574486,62.6824430553903,25.70430069351587,0.31749207762518744,3071.122543787726
2024-04-24 20:45:00,556.7316079906823,28678.649221383122,13731027.026578365,32546964.68633113,71.53617115956285,30.836414302353177,0.2622761460993504,3432.7567566445914
2024-04-24 21:00:00,558.6461220262323,28158.461085016716,13528328.9751392,32550346.768574916,69.50691606348924,27.41763923887082,0.8066011477184138,3382.0822437848
2024-04-24 21:15:00,558.2268553249812,24940.7551707282,11973435.422411846,32553340.127430517,61.704656529110714,28.166329776819293,0.7547871565799957,2993.3588556029613
2024-04-24 21:30:00,556.110896664014,28194.587106335643,13484212.720427329,32556711.180610623,70.57067817909231,31.944827385689088,1.0289719158677106,3371.0531801068323
2024-04-24 21:45:00,558.880086382689,28486.56047078362,13691691.38392523,32560134.103456605,70.22774351389786,26.999845745198133,0.9080184144784957,3422.9228459813075
2024-04-25 05:00:00,565.9143685540498,31097.233448732273,15134599.258588793,32563917.753271252,73.88639150196332,14.438627582053815,4.32310953983838,3783.649814647198
2024-04-25 05:15:00,565.8491531972347,31244.18262819228,15204365.082952024,32567718.84454199,74.2601749684864,14.555083576366542,4.757269747101403,3801.091270738006
2024-04-25 05:30:00,563.0638976503408,26893.153149091235,13022604.723721968,32570974.49572292,64.84244713376647,19.528754195820007,5.607955040536374,3255.651180930492
2024-04-25 05:45:00,562.5315448285944,27039.49202560002,13081087.809665466,32574244.767675336,65.3769204657932,20.47938423465276,2.3644735788723104,3270.2719524163663
2024-04-25 06:00:00,563.8103835367964,31357.843313124304,15204694.792123066,32578045.941373367,75.314579075544,18.19574368429227,3.3237935789429076,3801.1736980307664
2024-04-25 06:15:00,563.662743458194,27520.83296836161,13340722.663353218,32581381.122039206,66.1495342965034,18.45938668179641,4.830927527038346,3335.1806658383043
2024-04-25 06:30:00,565.0781319524418,29835.35883042279,14499005.597262444,32585005.873438522,71.19145244710916,15.931907227782466,5.808449469541455,3624.751399315611
2024-04-25 06:45:00,562.1351264439139,31478.658922857194,15217923.525941245,32588810.35432001,76.26856374383424,21.187274207296493,5.866323114929524,3804.4808814853113
2024-04-25 07:00:00,563.9043145443651,31893.659229786575,15467075.959804552,32592677.12330996,76.56424320242711,18.028009742205253,4.474852197280495,3866.768989951138
2024-04-25 07:15:00,563.1366508530631,30015.748330474904,14536552.46939797,32596311.26142731,72.34394036383938,19.39883776238741,2.700775548225784,3634.1381173494924
2024-04-25 07:30:00,564.0983222806702,32158.3001261768,15600781.107774153,32600211.45670425,77.12212897335706,17.681567355946022,2.382566702035812,3900.1952769435384
2024-04-25 07:45:00,564.1683308470538,32279.305407129028,15661427.193100344,32604126.813502528,77.38433528569415,17.556552058832708,5.48592154380426,3915.356798275086
2024-04-25 08:00:00,561.8935270184991,31973.290920228792,15450403.276778081,32607989.41432172,77.56554109562717,21.618701752680167,3.485465587669487,3862.60081919452
2024-04-25 08:15:00,563.0396438279398,28321.5545617975,13713695.874090103,32611417.838290244,68.29512194298987,19.572064592964544,2.545068902122403,3428.4239685225257
2024-04-25 08:30:00,561.9065938328479,28656.970683717696,13848185.076351807,32614879.884559333,69.51553574292042,21.595368155628694,5.142951865576728,3462.0462690879517
2024-04-25 08:45:00,563.1341667968923,29302.23261470417,14190935.979942333,32618427.61855432,70.62513930085271,19.403273576978016,2.118059367027186,3547.733994985583
2024-04-25 09:00:00,564.2583048700407,27692.27771399972,13438014.005567022,32621787.122055713,66.35686436559946,17.395884160641746,4.198018314791389,3359.5035013917554
2024-04-25 09:15:00,563.8494784340706,29170.74892241658,14145203.946274802,32625323.423042282,70.0474795049735,18.125931367730956,3.73440099128173,3536.3009865687004
2024-04-25 09:30:00,562.9688132776864,28509.161091999464,13802800.985254584,32628774.123288598,68.77292641547595,19.698547718417153,1.8910497170947291,3450.700246313646
2024-04-25 09:45:00,563.6738145912153,30993.19773584002,15024246.434961056,32632530.184897337,74.49149095072781,18.439616801401275,2.6094653189555164,3756.061608740264
2024-04-25 10:00:00,564.1004911269098,33042.65145916172,16029863.28797365,32636537.65071933,79.2420949028909,17.677694416232548,1.9497920686200318,4007.4658219934126
2024-04-25 10:15:00,561.4025472736453,27467.35390378163,13261408.505666751,32639853.002845746,66.80731398769943,22.495451297061976,3.186011656746768,3315.352126416688
2024-04-25 10:30:00,563.246388828569,33017.04454944927,15993188.756551586,32643851.300034884,79.53219550377447,19.202877091840907,2.702076000896812,3998.2971891378966
2024-04-25 10:45:00,562.3693584717205,32919.097088116854,15920914.699384797,32647831.528709732,79.66050923108837,20.76900272907057,1.332738102194089,3980.2286748461993
2024-04-25 11:00:00,562.0804647285748,27617.131705430515,13349823.192174433,32651168.984507777,66.93183561834549,21.28488441325914,3.7153051317944192,3337.4557980436084
2024-04-25 11:15:00,562.9588658496058,33113.29229260144,16031622.467286885,32655176.890124597,79.88366353946034,19.716310982846792,2.0306607856329006,4007.905616821721
2024-04-25 11:30:00,560.563238946981,31897.66729195624,15377367.335147662,32659021.23195838,77.92948818164832,23.994216166105407,1.7143398503171732,3844.3418337869157
2024-04-25 11:45:00,563.327333121796,30449.158694555495,14751445.292357411,32662709.09328147,73.31572672837824,19.058333711078706,1.5393859715866218,3687.861323089353
2024-04-25 12:00:00,561.6711140540363,32993.611692139864,15937140.426779808,32666693.378388166,80.13471213637882,22.01586776064947,1.317631792347136,3984.285106694952
2024-04-25 12:15:00,561.5764825181051,29216.019616469825,14110045.39528149,32670220.889736988,70.99518313930929,22.184852646241097,2.8021776405740453,3527.5113488203724
2024-04-25 12:30:00,561.8008995044545,33062.17897642254,15973951.224137044,32674214.37754302,80.24628929056482,21.784108027759633,1.3826537132818149,3993.4878060342608
2024-04-25 12:45:00,563.0806764761114,27404.254947055102,13270493.515963985,32677532.000922013,66.06899189247953,19.49879200694396,1.4577131549216926,3317.623378990996
2024-04-25 13:00:00,560.5408186911596,32869.4408442718,15845210.42146113,32681493.303527378,80.3132355830764,24.03425233721486,2.032845774914367,3961.3026053652825
2024-04-25 13:15:00,560.571402398472,30906.201992183207,14899614.374468986,32685218.207120996,75.50394465572766,23.979638574157125,1.5496795899353868,3724.9035936172463
2024-04-25 13:30:00,562.0487711012689,32940.71611116614,15922288.54814996,32689198.779258035,79.84718321639804,21.341480176305495,1.0725189051644384,3980.57213703749
2024-04-25 13:45:00,560.3877486771768,28740.70792260391,13851108.922997221,32692661.556488786,70.28245542833356,24.307591647898654,1.559727167006214,3462.7772307493055
2024-04-25 14:00:00,560.6482377405899,32888.26129287326,15857321.333133247,32696625.88682207,80.3132355830764,23.84243260608948,1.2497242022136006,3964.3303332833116
2024-04-25 14:15:00,562.3904199520512,33180.96959581605,16048167.105850218,32700637.928598534,80.28534129452991,20.731392942765716,0.6470013059033421,4012.0417764625545
2024-04-25 14:30:00,561.8005347335667,31312.975481613925,15128815.877915997,32704420.132568013,76.00088678936493,21.784759404345216,0.894949619668551,3782.203969478999
2024-04-25 14:45:00,559.4572591309704,32255.881414391366,15519376.825976143,32708299.976774506,79.27289959595936,25.969180123267087,0.9690920020773682,3879.8442064940355
2024-04-25 15:00:00,560.2735882218876,30858.611085511293,14868767.693963893,32712017.168697998,75.50759898038115,24.51144960377203,0.5837132682220443,3717.1919234909733
2024-04-25 15:15:00,561.1401536485547,32871.28230384322,15863040.906239096,32715982.928924557,80.06218698615793,22.964011341866676,0.6122669827660558,3965.760226559774
2024-04-25 15:30:00,561.3576273473601,31367.720024409697,15143317.643851059,32719768.75833552,76.31209492289899,22.575665451142648,0.6079973495608361,3785.8294109627645
2024-04-25 15:45:00,560.861375403136,32749.4735925783,15796406.730461445,32723717.860018134,79.88366353946034,23.461829637257086,0.40124191337120557,3949.1016826153614
2024-04-25 16:00:00,560.6699514227098,32672.723421312323,15754008.25798834,32727656.36208263,79.77766524298366,23.803658173732522,0.1614229604120853,3938.502064497085
2024-04-25 16:15:00,561.0076129457915,30367.223321275902,14651169.381844256,32731319.15442809,74.01526858901289,23.200691168229426,0.15356877050639328,3662.792345461064
2024-04-25 16:30:00,561.898910155116,28767.29970031671,13901310.340753658,32734794.482013278,69.78599417625239,21.609089008721323,0.16671850551149342,3475.3275851884146
2024-04-25 16:45:00,558.5593194684778,29829.28305480673,14328824.677259883,32738376.688182592,73.6658862484691,27.572643806289502,0.08231729338220972,3582.206169314971
2024-04-25 17:00:00,558.6370246359219,32100.767747370137,15422102.54931087,32742232.21381992,79.2420949028909,27.433884578710817,0.09932905852071434,3855.5256373277175
2024-04-25 17:15:00,561.0381804552704,28451.170593477687,13727485.964165008,32745664.085310962,69.33394358493476,23.14610632987421,0.03479217094020231,3431.871491041252
2024-04-25 17:30:00,559.3474656982155,30861.345503929235,14845505.240267457,32749375.461621027,75.89051480226209,26.165239824615263,0.016378477636488233,3711.3763100668643
2024-04-25 17:45:00,560.3986411362872,32194.291007527412,15515807.762349514,32753254.413561616,78.72326113592604,24.288140828058395,0.005145444637548556,3878.9519405873784
2024-04-25 18:00:00,559.5690896392605,29184.037528202254,14044217.368022569,32756765.46790362,71.68031212112506,25.76948278703486,0.0,3511.054342005642
2024-04-25 18:15:00,559.5502729187052,31741.30079150306,15274334.027785016,32760584.051410567,77.96921908358436,25.803084073740617,0.0037774844597302177,3818.583506946254
2024-04-25 18:30:00,559.5313086708508,28038.472856169647,13492026.932896467,32763957.05814379,68.88063193410869,25.836948802052184,0.009866433918117559,3373.006733224117
2024-04-25 18:45:00,556.6968336150813,26308.823877105835,12595593.495728632,32767105.956517722,65.63746080843248,30.8985114016405,0.04213578911101663,3148.898373932158
2024-04-25 19:00:00,559.3212991160841,31566.45559829124,15183980.220204739,32770901.951572772,77.63538388261263,26.211965864135546,0.09319831906575418,3795.995055051185
2024-04-25 19:15:00,559.6213898333217,26469.663418035238,12739171.254162157,32774086.74438631,64.99512899352501,25.67608958335408,0.12585651846754692,3184.792813540539
2024-04-25 19:30:00,559.4582255502835,27906.553543868282,13426793.797113812,32777443.44283559,68.58352062391654,25.967454374493833,0.1341996245074836,3356.6984492784527
2024-04-25 19:45:00,557.3231041580767,30908.890411672404,14814565.325270966,32781147.08416691,76.84876494560139,29.78017114629144,0.12947133622611554,3703.6413313177413
2024-04-25 20:00:00,560.2304889607428,28492.521603223944,13727646.206168864,32784578.995718453,69.7341032423666,24.588412570102058,0.35271175414724054,3431.911551542216
2024-04-25 20:15:00,559.1222720156545,30977.43077925121,14895347.47151224,32788302.83258633,76.26856374383424,26.56737140061689,0.4859568208979901,3723.83686787806
2024-04-25 20:30:00,556.5356927683218,30419.912536308024,14559599.703717511,32791942.732512258,75.96172656982276,31.186262913710998,0.36711729291512407,3639.899925929378
2024-04-25 20:45:00,557.7708698186894,27095.092361020514,12997053.781260759,32795191.995957572,67.20152159512828,28.980589609483225,0.6098001644147354,3249.2634453151895
2024-04-25 21:00:00,557.7171817036062,24992.86353133868,11987496.493804902,32798188.870081022,62.005748934994074,29.076461243560157,0.5335128709744312,2996.8741234512254
2024-04-25 21:15:00,555.4321303138859,29840.9680337796,14254183.903242465,32801752.416056834,74.97426875527674,33.15691015377533,0.6828528542136905,3563.5459758106163
2024-04-25 21:30:00,557.4322246419445,28251.565261101932,13543566.270877289,32805138.307624552,70.19982855570746,29.585313139384926,1.045762218631922,3385.891567719322
2024-04-25 21:45:00,558.3893028499695,25247.785187287882,12124360.125542501,32808169.397655938,62.409096732167626,27.876244910768765,0.5185822889191888,3031.090031385625
2024-04-26 05:00:00,565.3882356689221,32740.32645750933,15919456.053490728,32812149.26166931,77.99927195332842,15.378150591210495,4.051125743836677,3979.864013372682
2024-04-26 05:15:00,566.2319935513349,28251.67284254755,13757420.889924392,32815588.616891794,67.01719003575883,13.871440086902057,2.8310186422929418,3439.355222481098
2024-04-26 05:30:00,563.441659880403,32736.627915415887,15862854.775532195,32819554.330585677,78.77667333492305,18.854178784994588,3.3448544694174207,3965.713693883049
2024-04-26 05:45:00,564.0928002415795,29271.220436996093,14200048.844402563,32823104.342796776,70.20032904705754,17.691428140036624,4.572814678646069,3550.012211100641
2024-04-26 06:00:00,563.3649655172533,29181.576266617652,14138294.82817665,32826638.91650382,70.24988055222596,18.99113300490497,2.1089136493473934,3534.5737070441623
2024-04-26 06:15:00,563.1537673652454,29755.130668756883,14410773.983717808,32830241.60999975,71.70940448859697,19.368272562061932,4.370616468891764,3602.693495929452
2024-04-26 06:30:00,564.8642254398595,33569.738311403875,16307616.037361337,32834318.514009092,80.19013039236785,16.31388314310813,3.1203640438867204,4076.904009340334
2024-04-26 06:45:00,565.3464325594705,33788.688790230655,16427990.614840401,32838425.511662804,80.51404763469894,15.452799000945415,4.63299481510082,4106.9976537101
2024-04-26 07:00:00,564.2342280498857,33726.47486422126,16365483.098477669,32842516.882437423,80.82618606821801,17.4388784823471,2.522602698782657,4091.3707746194173
2024-04-26 07:15:00,565.0418017645038,32777.23596680628,15927637.282088285,32846498.791757945,78.22575470144147,15.996782563386116,4.812077691698774,3981.9093205220715
2024-04-26 07:30:00,563.7675576647625,32058.31718238722,15543157.695450794,32850384.58118181,77.01404761650956,18.272218455781243,4.4081456169679205,3885.7894238626986
2024-04-26 07:45:00,562.5723608586857,30940.664155287806,14969471.733123336,32854126.94911509,74.79330496816218,20.406498466632573,5.581517057986658,3742.367933280834
2024-04-26 08:00:00,563.9166257687957,33767.271003107584,16376055.951923916,32858220.96310307,81.05688993006697,18.006025412864858,5.26680207711733,4094.013987980979
2024-04-26 08:15:00,563.4483148645239,34164.65255983028,16555013.684980752,32862359.716524318,82.2101961036327,18.84229488477867,2.8691907823596647,4138.753421245188
2024-04-26 08:30:00,563.6094164553908,34293.67656139588,16622285.569995288,32866515.287916817,82.45166168427951,18.554613472516458,1.8913298741761768,4155.571392498822
2024-04-26 08:45:00,562.4932544840904,31533.382102481228,15254090.662394928,32870328.810582414,76.25768350508748,20.547759849838588,4.0480412753305695,3813.522665598732
2024-04-26 09:00:00,564.0282256468234,34554.71898823683,16761259.681247445,32874519.125502728,82.89925641913703,17.806739916386615,3.765493081310004,4190.314920311861
2024-04-26 09:15:00,565.6283291782609,31302.320308919196,15226712.05673357,32878325.80351691,74.48209078582832,14.949412181676996,1.7503734404319684,3806.6780141833924
2024-04-26 09:30:00,562.5289362427202,34451.78743567237,16666909.51055022,32882492.530894548,83.29973591874638,20.484042423713955,2.003479183383165,4166.727377637555
2024-04-26 09:45:00,561.8379348133557,29242.109201803858,14129220.56943417,32886024.836036906,70.9606192119428,21.71797354757918,3.374659366563606,3532.3051423585425
2024-04-26 10:00:00,562.3323702110911,34187.65621597308,16533350.146625474,32890158.17357356,82.74633607264072,20.835053194480263,4.235481792130476,4133.337536656369
2024-04-26 10:15:00,563.4373675201448,32915.05413617674,15949191.450672608,32894145.47143623,79.20780093589349,18.861843714027167,4.057158883210371,3987.297862668152
2024-04-26 10:30:00,563.879522915189,34256.64103182306,16612291.825463096,32898298.544392593,82.24739536729899,18.072280508591057,1.8015951828911634,4153.072956365774
2024-04-26 10:45:00,561.9424721296266,34673.655942636586,16756755.946832497,32902487.7333793,84.09480551355908,21.531299768523837,2.3378218455177215,4189.1889867081245
2024-04-26 11:00:00,562.2258529379337,33926.87105756256,16404125.055353928,32906588.76464314,82.16107545767618,21.025262610832545,1.3675882220015159,4101.031263838482
2024-04-26 11:15:00,562.413197108198,33789.59197164421,16343192.706788369,32910674.56281984,81.74821081779535,20.690719449646533,2.31673480598208,4085.798176697092
2024-04-26 11:30:00,560.1191504210675,34476.75646309391,16607538.723868698,32914826.447500806,84.43050156470221,24.787231390950776,2.8332873443965565,4151.884680967174
2024-04-26 11:45:00,563.1087254707037,35062.054160315376,16979623.82231598,32919071.353456385,84.51884263079252,19.44870451660053,2.7486819266208293,4244.9059555789945
2024-04-26 12:00:00,559.9482679015579,34512.494732947074,16619682.016140802,32923226.27396042,84.59540488807077,25.092378747218124,1.9979789331931463,4154.920504035201
2024-04-26 12:15:00,561.7887113917656,32094.204358157713,15505939.07018153,32927102.758727964,77.90189252558868,21.805872514704475,1.113795866737907,3876.4847675453825
2024-04-26 12:30:00,563.768148299316,35263.31631537802,17097087.7061318,32931377.030654497,84.71319297619118,18.271163751221444,1.5326457830823765,4274.271926532951
2024-04-26 12:45:00,561.801016338058,34919.589609041366,16871360.401921906,32935594.87075498,84.75441880703332,21.783899396324912,2.305425454886075,4217.840100480476
2024-04-26 13:00:00,560.4136737594292,33147.021847608084,15975398.087509815,32939588.72027686,81.04642779702785,24.261296858162076,1.0815498626929463,3993.8495218774538
2024-04-26 13:15:00,561.7851710019621,34608.811072191194,16720736.487874355,32943768.90439883,84.00713664672755,21.81219463935325,1.1125060357057848,4180.184121968588
2024-04-26 13:30:00,562.9160613314076,33010.186795304915,15980489.327779293,32947764.026730772,79.65272269378194,19.792747622486406,1.539374144781586,3995.122331944823
2024-04-26 13:45:00,561.3365656408323,30946.52292449602,14939416.811387219,32951498.88093362,75.29579118170989,22.61327564137085,1.375963914980508,3734.8542028468046
2024-04-26 14:00:00,562.0003424239794,31799.60259669591,15369393.291529028,32955341.229256503,77.10080690980809,21.427959957179784,1.4122022880249332,3842.348322882257
2024-04-26 14:15:00,560.377477236002,30396.257926885435,14648705.367655285,32959003.405598417,74.335009558941,24.32593350713912,0.7894127655355853,3662.176341913821
2024-04-26 14:30:00,559.9501015712249,34560.88854079199,16643040.821975099,32963164.16580391,84.71319297619118,25.089104337098416,0.7939003097163065,4160.760205493775
2024-04-26 14:45:00,561.8873322218985,34896.63654972353,16862861.09241956,32967379.881077014,84.660188336537,21.629763889466982,0.6590925807108001,4215.71527310489
2024-04-26 15:00:00,561.3828099069501,34777.16933916125,16790042.338036228,32971577.391661525,84.59540488807077,22.530696594731893,0.8363578580773234,4197.510584509057
2024-04-26 15:15:00,559.6328698043009,34422.93909882973,16567219.047680011,32975719.196423445,84.51884263079252,25.65558963517707,0.6299946465910891,4141.804761920002
2024-04-26 15:30:00,561.3302149569155,29880.158515371608,14424466.790047018,32979325.313120957,72.70367090651409,22.624616148365277,0.5502759927987154,3606.1166975117544
2024-04-26 15:45:00,561.468326477348,34683.90419929871,16747565.735973584,32983512.204554953,84.33038168979988,22.377988433307202,0.2133925933928161,4186.891433993396
2024-04-26 16:00:00,561.4644434328325,34637.17063920037,16724884.172122944,32987693.425597984,84.2184830060855,22.384922441370687,0.3461492780988407,4181.221043030736
2024-04-26 16:15:00,559.6380261187076,33493.47661382726,16120031.900413228,32991723.433573086,82.23444896693631,25.646381930879432,0.19243108470345013,4030.007975103307
2024-04-26 16:30:00,559.574052719361,34184.25679668363,16450615.878830874,32995836.087542795,83.95934921222062,25.760620143998125,0.07967357038399248,4112.653969707719
2024-04-26 16:45:00,560.5744409192451,34307.55955607042,16539469.275005179,32999970.954861548,83.81211410207013,23.97421264420511,0.05944763270277149,4134.867318751295
2024-04-26 17:00:00,559.6906137215569,34080.911393298346,16404298.94395843,33004072.029597536,83.65310018310758,25.55247549721966,0.08027247950802148,4101.074735989608
2024-04-26 17:15:00,557.8739210949668,33678.32389624891,16157902.402799765,33008111.505198237,83.482307455333,28.796569473273458,0.03351094908302887,4039.475600699941
2024-04-26 17:30:00,560.563256740969,29675.48167782512,14306086.8030236,33011688.02689899,72.50043892507365,23.994184391126748,0.023408836771151496,3576.5217007559
2024-04-26 17:45:00,561.5462610873122,30863.357607389513,14904834.639366003,33015414.235558834,75.01020475762749,22.238819486942297,0.005285347048315349,3726.208659841501
2024-04-26 18:00:00,558.7386247204138,32831.72837868791,15776145.094891949,33019358.271832556,81.00187980120637,27.252455856403934,0.0,3944.036273722987
2024-04-26 18:15:00,559.2599586687904,33607.02310051922,16163753.621152619,33023399.210237842,82.68134845611429,26.321502377160016,0.005082437965690159,4040.9384052881546
2024-04-26 18:30:00,559.8195374624536,33614.69541850044,16183620.387368511,33027445.115334686,82.45166168427951,25.322254531332995,0.011846342764820796,4045.905096842128
2024-04-26 18:45:00,558.1819794993831,33220.88825254282,15947239.00235765,33031431.925085276,82.2101961036327,28.24646517967301,0.035454330725026136,3986.8097505894125
2024-04-26 19:00:00,557.8603772031915,31791.734841231286,15252400.303806894,33035245.02516123,78.81163246926965,28.820754994300774,0.07664884531187513,3813.1000759517233
2024-04-26 19:15:00,561.1615807474863,28838.799826005397,13917574.787610507,33038724.418858133,70.23258307887455,22.92574866520301,0.14569991615464095,3479.3936969026267
2024-04-26 19:30:00,559.3072190236719,33100.782273581535,15921615.57361265,33042704.822751537,81.41512650882,26.237108886300216,0.1455572364587316,3980.403893403163
2024-04-26 19:45:00,555.8686911862801,32368.317149659353,15473579.317299869,33046573.217580862,81.12654569292502,32.377337167356906,0.2698820665427579,3868.3948293249673
2024-04-26 20:00:00,557.6988958595266,29475.30161692768,14136975.123522894,33050107.461361744,73.13371361817114,29.109114536559574,0.34376961326428984,3534.2437808807235
2024-04-26 20:15:00,557.4830732903279,32192.720000891662,15434330.975957997,33053966.044105735,79.97056570664294,29.494511981557494,0.30825506027015215,3858.5827439894992
2024-04-26 20:30:00,556.8146677731534,32162.72746148584,15401463.429285314,33057816.409963056,80.19013039236785,30.68809326222615,0.4136984144162847,3850.3658573213283
2024-04-26 20:45:00,557.9971922809968,32236.451669028163,15469550.587561002,33061683.797609948,79.8544343412247,28.576442355362644,0.5958251824251273,3867.3876468902504
2024-04-26 21:00:00,557.0120231059179,31753.552249941244,15210914.92640375,33065486.52634155,79.08393111088563,30.335673025146438,0.3111395493829376,3802.7287316009374
2024-04-26 21:15:00,556.9880798761229,29762.403480337118,14256481.41162981,33069050.64669446,74.13463688673296,30.378428792637596,0.9475714570346063,3564.120352907453
2024-04-26 21:30:00,557.0765828888575,31641.419710476657,15158956.814255452,33072840.385898024,78.77667333492305,30.220387698468713,0.9936021192800748,3789.739203563863
2024-04-26 21:45:00,557.9289627723122,31635.05412158304,15179097.122638676,33076635.160178684,78.39386204853176,28.698280763728384,0.6661254510860931,3794.774280659669
2024-04-27 05:00:00,564.8511050538389,27599.624840508855,13407123.587600214,33079986.941075582,65.93338773769759,16.337312403859137,5.82377984671168,3351.7808969000534
2024-04-27 05:15:00,565.5907759989127,26746.879330880784,13009897.883219842,33083239.415546387,63.65486739821552,15.01647143051306,2.691452820114955,3252.4744708049607
2024-04-27 05:30:00,564.8054590257746,30643.885219756055,14884736.945774622,33086960.599782832,73.22305088995599,16.418823168259607,5.63215127977163,3721.1842364436557
2024-04-27 05:45:00,566.0165208460403,26729.97800653613,13011463.87205365,33090213.465750847,63.476906683814796,14.256212774928084,3.294363311368437,3252.8659680134124
2024-04-27 06:00:00,565.4813099171148,26164.60070383139,12724209.704336321,33093394.518176932,62.30389616863568,15.211946576580713,5.052586840656543,3181.0524260840803
2024-04-27 06:15:00,564.800000533845,29308.301832510275,14235862.84595719,33096953.48388842,70.03365986833485,16.428570475276757,3.821411021593887,3558.9657114892975
2024-04-27 06:30:00,565.4287611300907,27420.741388294795,13333849.215908831,33100286.9461924,65.31257793946988,15.305783696266465,4.924713249987214,3333.4623039772077
2024-04-27 06:45:00,564.8254303901238,30424.854214231815,14778868.98345482,33103981.66343826,72.69222499939592,16.383160017636264,2.5979308169925255,3694.717245863705
2024-04-27 07:00:00,564.3314081408553,25969.119992900014,12603463.446244009,33107132.52929982,62.2043345257997,17.265342605615587,3.0255852400764414,3150.865861561002
2024-04-27 07:15:00,563.585277220865,30689.738131815855,14874804.732655462,33110851.230482984,73.7960222552107,18.597719248455373,2.3357625437559464,3718.7011831638656
2024-04-27 07:30:00,562.8606428688138,27413.93182246779,13269992.028674206,33114168.72849015,66.1682506202344,19.891709162832438,5.252745129638316,3317.4980071685513
2024-04-27 07:45:00,564.3312495428326,25200.526133893294,12230442.185958056,33117226.33903664,60.36335618117905,17.265625816370402,3.020932925547171,3057.610546489514
2024-04-27 08:00:00,562.2044938755483,26121.93358705963,12629846.86817265,33120383.800753683,63.26687083130395,21.063403793663866,4.457845976616286,3157.4617170431625
2024-04-27 08:15:00,562.5365666388285,33401.056777635255,16158811.589547578,33124423.50365107,80.7559842277406,20.470416716377606,4.835890010362556,4039.7028973868946
2024-04-27 08:30:00,562.911225955112,32974.45280837612,15963053.103783306,33128414.26692702,79.56850614160508,19.801382223014503,5.026476150711904,3990.7632759458265
2024-04-27 08:45:00,563.1917240220769,27443.790823272764,13292259.646015806,33131737.331838522,66.12603595541825,19.300492817719856,2.124270843525478,3323.0649115039514
2024-04-27 09:00:00,562.8943957039963,32353.44167854277,15661951.062225526,33135652.81960408,78.07684530574949,19.8314362428637,4.756050478587016,3915.4877655563814
2024-04-27 09:15:00,561.8103137581428,30733.74120752428,14849218.20005427,33139365.124154095,74.59116014636629,21.767296860459382,2.3139669575887356,3712.304550013567
2024-04-27 09:30:00,561.6574018279587,34021.10188839723,16433055.176806843,33143473.387948297,82.63625598819047,22.040353878645167,3.979760495421674,4108.263794201711
2024-04-27 09:45:00,561.4206707110994,28706.41227199432,13860080.979049053,33146938.40819306,69.81431255082005,22.463088015893906,3.8231219107978367,3465.0202447622632
2024-04-27 10:00:00,562.7575249951869,31748.91516090411,15365569.188820006,33150779.800490264,76.6727841120063,20.075848222880623,1.5255094252228627,3841.392297205002
2024-04-27 10:15:00,562.0702478220907,26122.665064954384,12627184.631075846,33153936.596648034,63.313304840210634,21.303128889123844,2.078695425714589,3156.7961577689616
2024-04-27 10:30:00,561.0750389594724,29021.08957835491,14003387.710606765,33157437.443575684,70.70897231709586,23.08028757237072,2.7429909392979535,3500.846927651691
2024-04-27 10:45:00,563.1663730059955,34554.182815550754,16735388.275241042,33161621.290644493,83.26957749294345,19.345762489293833,2.431540341666958,4183.847068810261
2024-04-27 11:00:00,562.7124379230536,30660.55685501564,14837645.958529249,33165330.702134125,74.06188645079,20.15636085169001,3.5714546267122094,3709.411489632312
2024-04-27 11:15:00,562.225849984314,28342.911436359947,13704201.02707034,33168756.75239089,68.63834031108969,21.025267885153575,2.054935985168393,3426.050256767585
2024-04-27 11:30:00,561.1242604603522,26697.069649590805,12883121.17868323,33171977.532685563,65.02958816118057,22.99239203508543,3.2490954548314512,3220.7802946708075
2024-04-27 11:45:00,560.9948182380842,31980.496328167155,15429167.743314113,33175834.82462139,77.95266003567613,23.223538860563867,2.044357996181092,3857.2919358285285
2024-04-27 12:00:00,562.1663788514309,31673.88327462457,15313153.347606393,33179663.112958293,76.72896162904655,21.13146633673075,2.928705793280332,3828.288336901598
2024-04-27 12:15:00,563.4854536357943,29431.302091854406,14262335.124875788,33183228.696739513,70.80669975230329,18.775975650367197,2.3128558669625328,3565.583781218947
2024-04-27 12:30:00,561.4080850292776,34371.50615225993,16594939.64572056,33187377.431650944,83.59744940384753,22.485562447718554,2.311643218400026,4148.73491143014
2024-04-27 12:45:00,562.6003251206969,26111.98154260497,12633924.002657065,33190535.91265161,63.11162104643111,20.356562284469813,0.9737425228417618,3158.4810006642665
2024-04-27 13:00:00,563.1285395960862,28775.550007573373,13935726.76858149,33194019.844343755,69.35774643083586,19.413322149846174,1.6100546892885899,3483.9316921453724
2024-04-27 13:15:00,562.7633471949109,34379.913116963784,16639069.284496574,33198179.61166488,83.0240470091196,20.065451437659185,0.8722221996313094,4159.767321124144
2024-04-27 13:30:00,560.870264318102,28599.52106073397,13794934.00556629,33201628.345166273,69.75765754082163,23.44595657481774,0.9847693185192503,3448.733501391572
2024-04-27 13:45:00,559.5994492026443,27785.428263444137,13371890.902791316,33204971.31789197,68.23398108900717,25.71526928099223,1.2532502685963332,3342.972725697829
2024-04-27 14:00:00,560.9682491887045,30540.77520888466,14733868.470102685,33208654.785009496,74.45383518571433,23.270983591599105,1.2262257046938911,3683.4671175256713
2024-04-27 14:15:00,560.6630647136856,33101.735349057526,15960671.533803783,33212644.952892948,80.82815683747464,23.81595586841855,0.47925864519773986,3990.1678834509457
2024-04-27 14:30:00,559.4629687153458,26395.80758056975,12700030.108771542,33215819.96042014,64.86903476150484,25.95898443688247,0.8066899042343394,3175.0075271928854
2024-04-27 14:45:00,562.4056005450627,34458.68086924039,16666589.393099992,33219986.607768413,83.37027946692884,20.70428474095951,0.7258073353241553,4166.647348274998
2024-04-27 15:00:00,559.9812134546968,32660.90792065492,15728965.570948796,33223918.849161148,80.04274956045391,25.033547402327162,0.3390695904259016,3932.241392737199
2024-04-27 15:15:00,560.4647916053261,27181.24197805041,13101351.04388969,33227194.18692212,66.44161727137572,24.170014990488976,0.4966618704414905,3275.3377609724225
2024-04-27 15:30:00,559.7058266929972,31803.974093916353,15308747.866627982,33231021.37388878,78.05787814921024,25.525309476790753,0.5016729051711359,3827.1869666569955
2024-04-27 15:45:00,560.7693130243014,29000.30409094259,13985733.318213394,33234517.80721833,70.77320161031062,23.626226742318984,0.18647121760976698,3496.4333295533484
2024-04-27 16:00:00,561.0319008121668,29158.493700694675,14068606.82531948,33238034.958924662,71.06001980032725,23.157319978273655,0.3376877329129731,3517.15170632987
2024-04-27 16:15:00,559.8464410740892,32338.825243752886,15570107.550259491,33241927.48581223,79.31070032496348,25.274212367697828,0.22201782878462786,3892.526887564873
2024-04-27 16:30:00,558.0447167647545,33560.53332805905,16106319.351356503,33245954.06565007,83.11283697490919,28.49157720579554,0.2029717567246413,4026.5798378391255
2024-04-27 16:45:00,558.8155917298027,26232.27386624087,12606743.132964201,33249105.75143331,64.69284435283252,27.115014768209544,0.07621497551155362,3151.68578324105
2024-04-27 17:00:00,560.2364269494908,29003.706559479713,13974082.320810003,33252599.27201351,70.98295096978674,24.577809018766438,0.09086039824018334,3493.5205802025007
2024-04-27 17:15:00,561.0576997271882,29610.21285812751,14287212.606567549,33256171.075165153,72.15099107095783,23.11125048716406,0.02284864484589262,3571.8031516418873
2024-04-27 17:30:00,561.3277264046307,28653.70624686381,13832343.011331674,33259629.160917986,69.72041579632427,22.629059991731047,0.01546477669510209,3458.0857528329184
2024-04-27 17:45:00,557.8577796608165,27943.705481455087,13406207.606027076,33262980.712819494,69.27335983890481,28.82539346282758,0.00299530126416743,3351.551901506769
2024-04-27 18:00:00,560.2895032096012,25495.82313423006,12285136.18690595,33266051.996866222,62.380146274105655,24.483029982854966,0.0,3071.2840467264878
2024-04-27 18:15:00,559.4723860694435,30873.784670862056,14854805.780049207,33269765.698311236,75.87004437163512,25.942167733136746,0.005159651636059518,3713.7014450123015
2024-04-27 18:30:00,557.5160545856822,28304.29902437624,13570886.96309991,33273158.42005201,70.2985585920883,29.435616811281772,0.00898908566502262,3392.7217407749777
2024-04-27 18:45:00,560.6913806770256,26589.65375656346,12821387.121782798,33276363.766832456,64.91710028000938,23.765391648168634,0.019580696812254546,3205.3467804456996
2024-04-27 19:00:00,557.100474796277,31331.272174756006,15011013.27989404,33280116.52015243,77.99425988308768,30.177723578076733,0.053922329091707036,3752.7533199735103
2024-04-27 19:15:00,558.9438883552486,31429.023636243932,15107672.18346803,33283893.4381983,77.45504222852952,26.885913651341617,0.06827790314570947,3776.9180458670075
2024-04-27 19:30:00,559.8342243599565,28736.278252668602,13835294.760054167,33287352.26188831,70.48010287106162,25.296027928649142,0.17207861047293532,3458.8236900135416
2024-04-27 19:45:00,558.7128440852958,26850.482035162964,12901469.897317257,33290577.62936264,66.25430580924424,27.298492704828792,0.2400383744079428,3225.367474329314
2024-04-27 20:00:00,559.1331194420587,29719.71163640108,14290856.565514272,33294150.34350402,73.16768744567054,26.548000996323662,0.38636958016139117,3572.714141378568
2024-04-27 20:15:00,557.7180928721147,26416.69763207987,12670440.392074889,33297317.95360204,65.53786675237302,29.07483415693805,0.4894257028717864,3167.610098018722
2024-04-27 20:30:00,558.8257193728434,26027.28846871266,12508457.653593464,33300445.068015438,64.18379926150354,27.096929691351065,0.4789642662414928,3127.1144133983657
2024-04-27 20:45:00,560.1288503231184,30305.894477617905,14598677.0153152,33304094.737269267,74.21258036608965,24.769910137288534,0.2509768667172363,3649.6692538288
2024-04-27 21:00:00,558.1228410854271,24068.29358137098,11552435.378593111,33306982.846113916,59.57988160457928,28.35206949030864,0.5031893294762474,2888.1088446482777
2024-04-27 21:15:00,559.2831415054501,24567.47989318139,11816552.506836202,33309936.984240625,60.434345951255914,26.28010445455354,0.6902617927670607,2954.1381267090505
2024-04-27 21:30:00,557.4229727768221,23478.93074348306,11255418.020481966,33312750.838745747,58.343688373305966,29.60183432710326,0.7818353201995728,2813.8545051204915
2024-04-27 21:45:00,558.8693970190465,24761.536042610493,11901079.656963237,33315726.108659986,61.04799474540243,27.01893389455997,0.9807148377393583,2975.269914240809
2024-04-28 05:00:00,565.5612221784718,26224.31285436776,12755050.80868788,33318914.871362157,62.42062177886497,15.069246109871942,5.742671761341344,3188.76270217197
2024-04-28 05:15:00,564.698149498199,34620.32456837799,16813028.568159472,33323118.128504198,82.77030674936323,16.610447324644785,5.48753858949379,4203.257142039868
2024-04-28 05:30:00,565.0286016109574,28414.1979497845,13807157.698778752,33326569.917928893,67.81756879504651,16.020354266147574,2.4252135485284145,3451.789424694688
2024-04-28 05:45:00,564.3981659219578,27183.872729945862,13194574.003836136,33329868.56142985,65.09165098076762,17.146132282218204,3.0606415199421773,3298.643500959034
2024-04-28 06:00:00,563.8047262133151,28060.908186518038,13605950.485361226,33333270.04905119,67.3980478267188,18.20584604765163,5.332437669678545,3401.4876213403063
2024-04-28 06:15:00,565.7515335826181,34903.35290353579,16982097.871821605,33337515.573519148,82.99841470966196,14.729404316753502,5.291556749781969,4245.524467955401
2024-04-28 06:30:00,564.4147730844187,30969.43983940962,15032464.049180266,33341273.68953144,74.1498270813101,17.1164766349667,3.088216088423584,3758.1160122950664
2024-04-28 06:45:00,567.9596920921281,30192.44556530919,14747359.194631957,33344960.5293301,71.00066727582741,10.786264121199853,4.875061314846929,3686.839798657989
2024-04-28 07:00:00,563.8416345410345,34401.04233706735,16681196.34947275,33349130.82841747,82.61029551252327,18.139938319581162,4.608277104395154,4170.299087368187
2024-04-28 07:15:00,564.3435596649388,30150.574278163218,14633142.876109464,33352789.114136495,72.21572782639691,17.24364345546643,3.790766278371112,3658.285719027366
2024-04-28 07:30:00,564.9961115740143,29795.43598358066,14477502.707102964,33356408.489813272,71.12608263122738,16.078372189260172,2.6990296528757156,3619.375676775741
2024-04-28 07:45:00,563.4290420859469,28460.352710638526,13790434.768057592,33359856.098505285,68.49083348003965,18.876710560809162,5.268158795106476,3447.608692014398
2024-04-28 08:00:00,562.3572265524717,29985.593473820703,14501849.056922227,33363481.560769517,72.56637904586773,20.790666870586247,4.395800463588281,3625.4622642305567
2024-04-28 08:15:00,564.0917877162299,29773.496097824755,14443686.790730378,33367092.4824672,71.40529595751832,17.69323622101823,2.450480425520285,3610.9216976825946
2024-04-28 08:30:00,564.5048400679897,33350.45803284808,16190785.68110331,33371140.178887475,79.81364063427479,16.955642735732674,4.32127261902214,4047.696420275827
2024-04-28 08:45:00,563.1498195449876,29541.763648268337,14307337.42610417,33374717.013244003,71.19665760274832,19.37532224109354,4.349586016603295,3576.8343565260425
2024-04-28 09:00:00,564.7185273055629,32611.19429824754,15837885.231292453,33378676.484551825,77.95871070208126,16.57405838292339,4.735105478848122,3959.471307823113
2024-04-28 09:15:00,563.8502749739188,27666.853395188027,13415968.089304285,33382030.47657415,66.43591351917715,18.124508975145034,2.3988805863515106,3353.9920223260715
2024-04-28 09:30:00,561.6295574178704,28596.998233167793,13812390.736609338,33385483.5742583,69.4714795774923,22.09007603951712,4.790100364134943,3453.0976841523343
2024-04-28 09:45:00,562.8170071015293,30899.600680494557,14956105.867040358,33389222.600725062,74.59851699416953,19.96963017584069,2.032798717067357,3739.0264667600895
2024-04-28 10:00:00,564.8796508385386,36409.029946047696,17687379.30603225,33393644.44555157,86.96563844283239,16.28633778832378,3.302066675578749,4421.844826508063
2024-04-28 10:15:00,564.6752784838719,31030.463877054142,15069036.814882977,33397411.70475529,74.19638699916392,16.651288421657313,3.337965172286174,3767.259203720744
2024-04-28 10:30:00,562.3691118631547,33458.87360786975,16181963.84992736,33401457.195717774,80.96681238928986,20.769443101509662,2.5412418868160738,4045.49096248184
2024-04-28 10:45:00,561.4727703938911,29454.487356856094,14222587.650435813,33405012.842630383,71.61390430540428,22.37005286805149,2.5769066170559194,3555.6469126089532
2024-04-28 11:00:00,564.1383838725802,28671.38406340095,13910180.311268676,33408490.3877082,68.74556761521717,17.610028798963814,3.501808239558432,3477.545077817169
2024-04-28 11:15:00,561.7109697185228,27692.048980982298,13377237.810476342,33411834.697160818,67.24415935780183,21.94469693120913,2.73741229585534,3344.3094526190857
2024-04-28 11:30:00,560.6126631105305,29917.05855042298,14423818.405092213,33415440.65176209,73.07139581183927,23.90595873119555,2.254271393905606,3605.9546012730534
2024-04-28 11:45:00,559.8762457724054,28426.45909754715,13687157.31211828,33418862.441090122,69.7045105796697,25.22098969213339,1.3388911801341368,3421.7893280295702
2024-04-28 12:00:00,561.5076783478759,28857.31108189591,13935097.50410371,33422346.21546615,70.14901818446998,22.30771723593587,1.0146752504462695,3483.7743760259277
2024-04-28 12:15:00,561.1990289330201,34457.59810356757,16630310.711774303,33426503.793144092,83.8996683995036,22.85887690532106,1.1681874297081305,4157.5776779435755
2024-04-28 12:30:00,564.0438143978624,27742.979773277002,13457500.275310438,33429868.16821292,66.55204040145134,17.778902860959825,2.532228681428388,3364.3750688276095
2024-04-28 12:45:00,559.1909249851634,32200.381974143675,15485298.787657406,33433739.492909834,79.25018038582598,26.44477681220809,2.0349513708824416,3871.3246969143515
2024-04-28 13:00:00,562.0751968775867,30990.011780929966,14980096.596784249,33437484.51705903,75.108301025481,21.29429129002387,2.1747973611394564,3745.0241491960624
2024-04-28 13:15:00,562.364135536355,32271.539901257787,15607586.709538128,33441386.413736414,78.0956334528305,20.778329399366033,0.727021577002661,3901.8966773845323
2024-04-28 13:30:00,561.4924787094914,32667.32583382046,15774513.66950851,33445330.04215379,79.41713485354094,22.334859447336864,1.4571392175254059,3943.6284173771273
2024-04-28 13:45:00,559.4015736150313,29929.8739460815,14398823.981842266,33448929.74814925,73.57850126263179,26.068618544586975,0.6071173110315374,3599.7059954605666
2024-04-28 14:00:00,558.5096362656702,29606.86151317035,14220717.011032404,33452484.92740201,73.1363186676642,27.66136381130321,1.2820564688688239,3555.179252758101
2024-04-28 14:15:00,560.7301901179061,34148.23451831917,16467233.588937238,33456601.73579924,83.35371535492384,23.6960890751678,0.7830409599800876,4116.808397234309
2024-04-28 14:30:00,559.6407935656028,35245.05825683773,16963132.240025412,33460842.51885925,86.53371131510856,25.641440061423424,0.46617277626834,4240.7830600063535
2024-04-28 14:45:00,560.5982593043911,28917.840179042083,13941710.145803675,33464327.9463957,70.63625998063257,23.931679813587124,0.7276691163864696,3485.427536450919
2024-04-28 15:00:00,561.6969787686993,28152.41788958802,13599290.143309306,33467727.768931527,68.36711286739956,21.969680770179746,0.4569838308879285,3399.8225358273266
2024-04-28 15:15:00,558.7686949276361,35249.662567442356,16938910.83652641,33471962.49664066,86.9531999327392,27.1987590577927,0.5755201853145434,4234.727709131602
2024-04-28 15:30:00,561.0074306169181,30404.811436138767,14669299.622274883,33475629.821546227,74.10695536880655,23.201016755503336,0.47866589082505406,3667.3249055687206
2024-04-28 15:45:00,558.4788533727425,31854.90797711442,15299651.533963656,33479454.734429717,78.70270720863778,27.71633326295988,0.4061607535838023,3824.912883490914
2024-04-28 16:00:00,558.6322815495777,30035.134324143604,14429592.22816416,33483062.132486757,74.14489910195546,27.44235437575428,0.3999048125901533,3607.3980570410404
2024-04-28 16:15:00,559.286927223287,27894.041424929812,13416664.536093742,33486416.29862078,68.61606275747027,26.27334424413053,0.182885407832239,3354.1661340234355
2024-04-28 16:30:00,557.8141961119142,31955.053775675173,15329485.064888462,33490248.669887003,79.23648495936133,28.903221228724824,0.14696053038378967,3832.3712662221155
2024-04-28 16:45:00,557.250420281751,31204.253177519404,14954181.550065732,33493987.21527452,77.6140876512853,29.90996378258759,0.13847114806516975,3738.545387516433
2024-04-28 17:00:00,559.834920405439,28555.378833911505,13748216.483501805,33497424.269395396,70.03615793231425,25.294784990287493,0.07348913497821825,3437.054120875451
2024-04-28 17:15:00,560.4324972515454,30931.61429360964,14908170.384626754,33501151.311991554,75.62202796903117,24.227683479383252,0.02064649330941736,3727.0425961566884
2024-04-28 17:30:00,561.5026300566462,34300.327727197146,16563362.838338448,33505292.15270114,83.38263101718934,22.31673204170317,0.022980445853361387,4140.840709584612
2024-04-28 17:45:00,556.7886037128371,31462.533754359363,15065463.00498767,33509058.518452387,78.45563787919457,30.734636227076628,0.0023616020236767016,3766.3657512469176
2024-04-28 18:00:00,559.6830916889077,27287.186821689116,13134072.292115971,33512342.036525417,66.98031016754776,25.565907698379213,0.0,3283.518073028993
2024-04-28 18:15:00,557.807406558965,31087.6780463733,14913205.877609303,33516070.337994818,77.08857976816412,28.915345430419595,0.0025781988515815005,3728.301469402326
2024-04-28 18:30:00,559.7968538505296,32770.95636767522,15776767.31417591,33520014.529823363,80.39188529546725,25.362760981197148,0.009888493475268455,3944.1918285439774
2024-04-28 18:45:00,557.1317903210975,33024.7694550962,15823268.081054943,33523970.346843626,82.19580079967164,30.121802998040184,0.020201774950485564,3955.8170202637357
2024-04-28 19:00:00,559.5267795417523,31849.881417728186,15325940.957465408,33527801.832082994,78.24582405631759,25.84503653258529,0.03782422148055138,3831.4852393663523
2024-04-28 19:15:00,559.9653732685704,27442.827421724018,13215648.466645557,33531105.744199656,67.26040254575821,25.061833448981425,0.10003025145691408,3303.9121166613895
2024-04-28 19:30:00,558.7521750415872,32244.869651743393,15494526.304585915,33534979.375775803,79.54815197459047,27.228258854308613,0.11461493348203075,3873.631576146479
2024-04-28 19:45:00,559.002236623996,31875.982567993324,15324121.173082368,33538810.406069074,78.53176891517967,26.78172031429284,0.1292260622312727,3831.030293270592
2024-04-28 20:00:00,557.6267920792025,25658.953045981332,12304982.920621647,33541886.651799228,63.68976097931104,29.23787128713854,0.3104742144390385,3076.245730155412
2024-04-28 20:15:00,558.2402101573746,29121.3950823318,13980790.99131968,33545381.84954706,72.04252878530315,28.14248186183107,0.2447438436218621,3495.19774782992
2024-04-28 20:30:00,557.3676211570208,28165.34495528781,13500668.13244427,33548757.01658017,70.01038648910209,29.700676505319954,0.21447821902137898,3375.1670331110677
2024-04-28 20:45:00,558.2845918887746,31183.687080532814,14972059.933194563,33552500.03156347,77.12574204096344,28.063228770045527,0.4558304607096324,3743.014983298641
2024-04-28 21:00:00,558.5915680944601,27075.315524725407,13006676.941823434,33555751.70079892,66.85303615588278,27.515056974178503,0.4747406553062851,3251.6692354558586
2024-04-28 21:15:00,558.3882356525626,30231.711721893487,14517687.6654647,33559381.12271529,74.72911984325607,27.878150620423966,0.5577220506316225,3629.4219163661746
2024-04-28 21:30:00,555.3323163851242,32372.646279298944,15460715.915387444,33563246.30169413,81.38037293947376,33.33514931227817,0.7396521900532805,3865.178978846861
2024-04-28 21:45:00,557.2584563948247,31557.94303186335,15123900.334001508,33567027.27677763,78.49035386990656,29.895613580669984,1.0390002886017415,3780.975083500377
2024-04-29 05:00:00,567.2066420575857,38497.8955120165,18779185.35410302,33571722.07311616,90.87426961728647,12.130996325740034,4.38983027319037,4694.796338525755
2024-04-29 05:15:00,565.4554624780667,38374.30764410886,18661107.213510662,33576387.349919535,91.39006019990336,15.25810271773796,5.6938132815169125,4665.276803377666
2024-04-29 05:30:00,564.6523384266252,29070.10839530764,14116474.028004298,33579916.46842653,69.51721507658023,16.69225280959787,4.0534532508852825,3529.1185070010747
2024-04-29 05:45:00,562.5819807399978,35113.55751678363,16988659.075213175,33584163.63319533,84.87622362594,20.389320107146883,3.886114945235197,4247.164768803294
2024-04-29 06:00:00,563.3846858212015,33269.71403751509,16119536.755732523,33588193.51738427,80.08319265141448,18.95591817642592,2.853657740867588,4029.8841889331306
2024-04-29 06:15:00,565.4571523598579,38424.690488580236,18685663.815024085,33592864.93333802,91.50925944439405,15.255085071682293,5.016149419984138,4671.415953756022
2024-04-29 06:30:00,561.604269938997,31594.933198846877,15259710.47790241,33596679.860957496,76.76469618731937,22.135232251791024,2.552139253669504,3814.9276194756026
2024-04-29 06:45:00,564.2357279915759,39166.141565923266,19005085.30320006,33601431.13228329,93.86173187535714,17.436200015043166,3.9264428781598633,4751.271325800015
2024-04-29 07:00:00,562.6929389945942,35785.25836432185,17317056.493462987,33605760.39640666,86.44963850501053,20.19118036679601,3.622502208286595,4329.264123365747
2024-04-29 07:15:00,565.2704379000861,38299.27912377874,18618527.24213819,33610415.02821719,91.29766489133416,15.58850374984632,4.5102617583723585,4654.631810534547
2024-04-29 07:30:00,566.5507710496792,31135.299690044165,15170166.119781328,33614207.569747135,73.73841863610706,13.302194554144329,5.454665861796361,3792.541529945332
2024-04-29 07:45:00,565.3302716522106,32088.751048714414,15601038.418720895,33618107.82935181,76.46963405564135,15.4816577639094,5.488015491068668,3900.2596046802237
2024-04-29 08:00:00,567.2812018763373,38709.16643418032,18884724.914235163,33622829.01058037,91.33872276937046,11.997853792254709,2.49226079431017,4721.181228558791
2024-04-29 08:15:00,561.1632883364749,29908.01091699826,14433618.868255904,33626437.415297434,72.8358273164585,22.92269939915194,2.7904901707703846,3608.404717063976
2024-04-29 08:30:00,563.1765515138453,38754.24851181209,18769916.2687179,33631129.89436461,93.38605472328129,19.327586582418956,4.704451164605339,4692.479067179475
2024-04-29 08:45:00,564.34042968366,30497.165916172366,14801273.99684926,33634830.212863825,73.04705229446606,17.24923270775006,3.567726046017466,3700.3184992123147
2024-04-29 09:00:00,562.6858894694205,37163.952382696945,17984003.178285036,33639326.2136584,89.78358337642241,20.203768804606366,3.253863548690528,4496.000794571259
2024-04-29 09:15:00,562.8687742624763,34171.99817120182,16541541.623262597,33643461.599064216,82.47650596865012,19.877188817006452,4.017692556123104,4135.385405815649
2024-04-29 09:30:00,562.2733829799105,36775.77972837494,17783116.188453756,33647907.37811133,89.03808250587916,20.94038753587411,3.545468722832718,4445.779047113439
2024-04-29 09:45:00,561.5021532137256,37607.73478823578,18160468.692533206,33652447.49528447,91.42302669713874,22.317583546918662,4.5755980086828,4540.117173133302
2024-04-29 10:00:00,563.0695400743862,34189.76117703678,16556043.267038194,33656586.50610123,82.43297286963656,19.518678438596094,3.251923956864801,4139.010816759549
2024-04-29 10:15:00,563.6182484058312,31815.931382325758,15421553.984711641,33660441.8945974,76.490958613233,18.53884213244415,2.7864262495764347,3855.3884961779104
2024-04-29 10:30:00,561.5937201429016,31124.99593017368,15032457.938318662,33664200.00908198,75.62712589467382,22.15407117338996,2.8837725790563216,3758.1144845796657
2024-04-29 10:45:00,561.5102156717675,36735.67768298915,17739614.136816446,33668634.912616186,89.29928201165123,22.303186300415057,3.4583123114078913,4434.903534204112
2024-04-29 11:00:00,562.1840042779022,36183.93796203598,17494146.775274903,33673008.449310005,87.64630582057731,21.099992360888812,2.80131310498353,4373.536693818725
2024-04-29 11:15:00,559.7459676916757,38128.33996657772,18354278.713919543,33677597.01898848,93.55987390154598,25.45362912200767,2.741652145806675,4588.569678479886
2024-04-29 11:30:00,562.5631891606032,36228.91653560786,17527707.150450185,33681978.9457761,87.58087853774532,20.422876498922818,3.327000388264613,4381.926787612546
2024-04-29 11:45:00,562.9686693112296,35394.81856382351,17136509.56035379,33686263.073166184,85.38332900867412,19.698804801375584,2.383084097647488,4284.127390088447
2024-04-29 12:00:00,561.3805659841908,34869.61550174722,16834607.05797889,33690471.72493068,84.82128720258243,22.534703599659327,1.76057049666908,4208.651764494723
2024-04-29 12:15:00,562.4927587827414,31064.35320474666,15027187.41118792,33694228.52178348,75.12361853663994,20.548645030819127,2.2268191538256916,3756.79685279698
2024-04-29 12:30:00,561.0698498759558,34186.1447404104,16495500.98371219,33698352.39702941,83.29576031111166,23.089553792935916,2.016239153712211,4123.875245928048
2024-04-29 12:45:00,562.4457976295383,40846.812910113185,19757741.710353695,33703291.832457,98.80507522626469,20.632504232967243,0.8272018696564318,4939.435427588423
2024-04-29 13:00:00,561.8490997398819,40188.726673792786,19418799.915171884,33708146.53243579,97.51858566400855,21.69803617878235,1.4339321037840618,4854.699978792971
2024-04-29 13:15:00,559.1710871125542,33809.76490315666,16258680.976489471,33712211.20267991,83.22003243921402,26.480201584724455,1.6867706666970155,4064.670244122368
2024-04-29 13:30:00,561.6310862225556,37058.28356087952,17899252.282862607,33716686.015750624,90.02598757801195,22.087346031150766,1.2334496872107696,4474.8130707156515
2024-04-29 13:45:00,561.9595421122975,39935.579004438965,19300274.53453864,33721511.08438426,96.8479623289732,21.50081765661153,1.42731835949195,4825.068633634661
2024-04-29 14:00:00,559.6416681396469,35087.46895075694,16887312.302783728,33725732.91245996,86.1463929408437,25.639878322059122,0.9508836964276148,4221.828075695932
2024-04-29 14:15:00,562.0179953673193,30929.410732261647,14949281.459168801,33729470.23282476,74.98398746863525,21.396436844072735,1.3184645439898168,3737.3203647922
2024-04-29 14:30:00,561.504924800763,31442.326680737227,15183318.299448406,33733266.06239962,76.43402544381036,22.31263428435199,0.6204195446222678,3795.8295748621017
2024-04-29 14:45:00,559.9710799280281,35839.1087201042,17259223.395743094,33737580.86824855,87.83639996769958,25.051642985664113,0.403418088877644,4314.805848935774
2024-04-29 15:00:00,559.4538075882601,40127.28503639376,19306451.66553932,33742407.48116494,98.61969985060566,25.975343592392708,0.5447882999490409,4826.61291638483
2024-04-29 15:15:00,559.0258948249874,37544.043918684474,18049759.762412444,33746919.92110554,92.48415177972299,26.739473526808275,0.5170214243271971,4512.439940603111
2024-04-29 15:30:00,561.117716835085,31234.562130189453,15072588.922398545,33750688.068336144,76.08480016176904,23.004077080205153,0.35092476686366214,3768.1472305996363
2024-04-29 15:45:00,559.5012986692537,32190.66864369202,15489219.983612487,33754560.373332046,79.09388135104678,25.890538090618364,0.25019386339039223,3872.304995903122
2024-04-29 16:00:00,560.5788695664877,38559.30401290839,18589356.707150977,33759207.712508835,94.19674703735485,23.966304345557763,0.31405217983862094,4647.339176787745
2024-04-29 16:15:00,560.6231626925301,39260.88530446075,18929083.0529661,33763939.983272076,95.88801016528684,23.887209477624857,0.18091101376208465,4732.270763241525
2024-04-29 16:30:00,558.4852300668308,36390.15179447394,17478091.575509157,33768309.50616595,89.90464790050099,27.704946309230696,0.17224060267431648,4369.522893877289
2024-04-29 16:45:00,560.3363293063609,36974.462116759816,17817595.567300774,33772763.90505777,90.44208692416599,24.39941195292695,0.13576031228728952,4454.3988918251935
2024-04-29 17:00:00,559.2972392354546,30197.855984392103,14525036.635294305,33776395.16421659,74.27904616252626,26.254929936688086,0.08593524517647275,3631.2591588235764
2024-04-29 17:15:00,559.3225793774599,38568.28497181666,18552016.86403722,33781033.1684326,94.85521549856821,26.209679683107403,0.03363764592861315,4638.004216009305
2024-04-29 17:30:00,560.5840732844973,38319.07913815433,18473716.302288704,33785651.59750817,93.60730425628458,23.957011991969118,0.01827203477466225,4618.429075572176
2024-04-29 17:45:00,558.1908043849991,32224.889692904882,15469367.90505438,33789518.93948443,79.74161266362457,28.230706455358767,0.004066582311246875,3867.341976263595
2024-04-29 18:00:00,558.5333137820777,36887.57721891551,17718529.037666913,33793948.571743846,91.10978728074384,27.61908253200403,0.0,4429.632259416729
2024-04-29 18:15:00,561.2734738682931,32129.94366774665,15508969.183926307,33797825.81403983,78.20128680968743,22.725939520905282,0.005904055481356039,3877.2422959815767
2024-04-29 18:30:00,558.6261167384123,29780.61837635011,14307158.829978194,33801402.60374732,73.51905763081703,27.45336296712081,0.014436652412575439,3576.7897074945486
2024-04-29 18:45:00,559.6905586292647,31535.676641364997,15179189.60949539,33805197.4011497,77.40573213326702,25.55257387631288,0.022740138271795718,3794.7974023738475
2024-04-29 19:00:00,557.4841040398161,30834.00090591336,14782940.217336548,33808893.136204034,76.59491238119433,29.49267135747138,0.04549464300631544,3695.735054334137
2024-04-29 19:15:00,560.2196762001927,32840.6464221683,15822259.622155642,33812848.70110957,80.38058033871513,24.607721071084605,0.09202334036480754,3955.5649055389104
2024-04-29 19:30:00,558.8880825878632,33322.788364692904,16016389.994236963,33816852.79860813,82.14691225241796,26.985566807387038,0.1620224081628011,4004.0974985592406
2024-04-29 19:45:00,557.9713608858912,33955.05441521877,16293515.212072128,33820926.17741115,84.12351934704131,28.622569846623055,0.23859254614271488,4073.378803018032
2024-04-29 20:00:00,558.2039672535593,33550.089223230156,16105901.899261443,33824952.65288596,83.014915540925,28.207201332929873,0.22276520046295137,4026.475474815361
2024-04-29 20:15:00,557.2983151354786,31185.055930667768,14946266.049707457,33828689.21939839,77.5459448034573,29.82443725807407,0.39351815853333433,3736.5665124268644
2024-04-29 20:30:00,559.7414610073286,29025.478671199027,13972216.900554437,33832182.273623526,71.22486426069212,25.46167677262754,0.5942083303118298,3493.054225138609
2024-04-29 20:45:00,556.0786843257067,34032.062531382304,16275073.919313475,33836251.04210336,85.19703071029609,32.00234941838088,0.5717680951703696,4068.768479828369
2024-04-29 21:00:00,557.2286663651553,32023.56379020844,15346225.059046501,33840087.598368116,79.66146907452617,29.948810062222666,0.3857785797011516,3836.5562647616252
2024-04-29 21:15:00,556.1819439844371,30742.42025920412,14704605.993793594,33843763.74986657,76.9175519767906,31.817957170647915,0.735587467024377,3676.1514984483983
2024-04-29 21:30:00,556.6136793934569,36236.51673750151,17345977.182310436,33848100.24416214,90.44741795758372,31.047001083112608,0.8152594262042693,4336.494295577609
2024-04-29 21:45:00,557.4938317111878,35058.4005680279,16808564.17704858,33852302.3852064,87.08412497828652,29.475300515736034,1.218359861773179,4202.1410442621445
